{
    "satellite": {
        "planes": [
            [
                0,
                0,
                1,
                0
            ]
        ]
    },
    "cameras": [
        {
            "name": "MOT17_04",
            "focal": [
                1059.0,
                1059.0
            ],
            "center": [
                960.0,
                540.0
            ],
            "distort": [
                0.2,
                1,
                0.0,
                0.0,
                0.0
            ],
            "rvec": [
                1.850790339139749,
                -2.08296835090112,
                0.5298320344901385
            ],
            "tvec": [
                0.0,
                6.935,
                4.597
            ],
            "cylinder_file": "detector/data/MOT17_04_cylinder.pickle",
            "config": {},
            "polygons":{}
        }
    ],
    "config": {}
}