{
    "satellite": {
        "planes": [
            [
                0,
                0,
                1,
                0
            ]
        ]
    },
    "cameras": [
        {
            "name": "MOT17_11",
            "focal": [
                1474.0,
                1474.0
            ],
            "center": [
                960.0,
                540.0
            ],
            "distort": [
                0.2,
                1,
                0.0,
                0.0,
                0.0
            ],
            "rvec": [
                1.2795607328231098,
                -1.2795607328231098,
                1.1622666260093406
            ],
            "tvec": [
                0.0,
                1.129,
                1.29
            ],
            "cylinder_file": "detector/data/MOT17_11_cylinder.pickle",
            "config": {},
            "polygons": {}
        }
    ],
    "config": {}
}