{
    "satellite": {
        "planes": [
            [
                0,
                0,
                1,
                0
            ]
        ]
    },
    "cameras": [
        {
            "name": "MOT17_05",
            "focal": [
                663.0,
                663.0
            ],
            "center": [
                320.0,
                240.0
            ],
            "distort": [
                0.2,
                0.1,
                0.0,
                0.0,
                0.0
            ],
            "rvec": [
                1.2494804567064155,
                -1.2079034791724221,
                1.1671671220768074
            ],
            "tvec": [
                0.15,
                1.129,
                3.387
            ],
            "cylinder_file": "detector/data/MOT17_05_cylinder.pickle",
            "config": {},
            "polygons": {}
        }
    ],
    "config": {}
}