{
    "satellite": {
        "planes": [
            [
                0,
                0,
                1,
                0
            ]
        ]
    },
    "cameras": [
        {
            "name": "MOT17_09",
            "focal": [
                1265.0,
                1265.0
            ],
            "center": [
                960.0,
                540.0
            ],
            "distort": [
                0,
                0,
                0.0,
                0.0,
                0.0
            ],
            "rvec": [
                1.2066564849453965,
                -1.2275325895337457,
                1.1895639625878305
            ],
            "tvec": [
                -0.002,
                1.088,
                2.845
            ],
            "cylinder_file": "detector/data/MOT17_09_cylinder.pickle",
            "config": {}
        }
    ],
    "config": {}
}