{
    "satellite": {
        "planes": [
            [
                0,
                0,
                1,
                0
            ]
        ]
    },
    "cameras": [
        {
            "name": "MOT17_10",
            "focal": [
                1054.0,
                1054.0
            ],
            "center": [
                960.0,
                540.0
            ],
            "distort": [
                0.2,
                0.1,
                0.0,
                0.0,
                0.0
            ],
            "rvec": [
                1.3680809457709182,
                -1.3680809457709182,
                1.098001590988554
            ],
            "tvec": [
                0.0,
                1.841,
                1.171
            ],
            "cylinder_file": "detector/data/MOT17_10_cylinder.pickle",
            "config": {},
            "polygons": {}
        }
    ],
    "config": {}
}