{
    "satellite": {
        "planes": [
            [
                0,
                0,
                1,
                0
            ]
        ]
    },
    "cameras": [
        {
            "name": "MOT17_13",
            "focal": [
                843.0,
                843.0
            ],
            "center": [
                960.0,
                540.0
            ],
            "distort": [
                0.2,
                1,
                0.0,
                0.0,
                0.0
            ],
            "rvec": [
                1.2719174237108597,
                -1.2719174237108597,
                1.167538046523402
            ],
            "tvec": [
                0.0,
                2.594,
                6.611
            ],
            "cylinder_file": "detector/data/MOT17_13_cylinder.pickle",
            "config": {},
            "polygons": {}
        }
    ],
    "config": {}
}