{
    "satellite": {
        "planes": [
            [
                0,
                0,
                1,
                0
            ]
        ]
    },
    "cameras": [
        {
            "name": "MOT17_02",
            "focal": [
                1300.0,
                1300.0
            ],
            "center": [
                960.0,
                540.0
            ],
            "distort": [
                0.2,
                1,
                0.0,
                0.0,
                0.0
            ],
            "rvec": [
                1.3263646133532145,
                -1.1529947923824275,
                1.0751827995874776
            ],
            "tvec": [
                0.0,
                1.31,
                6.097
            ],
            "cylinder_file": "detector/data/MOT17_02_cylinder.pickle",
            "config": {}
        }
    ],
    "config": {}
}